time;V(/derivated);V(/derivated_pre);V(/derivated_twice);V(/integrated);V(/integrated_pre);V(/rectified);V(/rectified_pre);V(/vi);V(/vi_buffered);V(/vi_offseted);
0,009049;0,0316712;2,88226;0,0135901;-1,43105;-1,81772;0,00103117;0,00130926;2,5;2,49993;1,49781;
0,00904906;0,0354737;2,87329;0,0184349;-1,42776;-1,81854;0,00193318;0,00189982;2,5;2,49993;1,4978;
0,00904915;0,0417808;2,85873;0,0268597;-1,42308;-1,81972;0,00327253;0,00274609;2,5;2,49993;1,4978;
0,00904927;0,0517088;2,83629;0,0406335;-1,41688;-1,82128;0,00507249;0,00387587;2,5;2,49993;1,4978;
0,00904945;0,0690639;2,79785;0,0653456;-1,4079;-1,82357;0,00775078;0,00560334;2,5;2,49993;1,4978;
0,00904965;0,0940286;2,74349;0,101312;-1,39717;-1,82631;0,0114366;0,00812383;2,5;2,49993;1,4978;
0,00904982;0,117078;2,69386;0,134508;-1,38856;-1,82851;0,0153405;0,0109606;2,5;2,49993;1,4978;
0,00905;0,143852;2,63665;0,172795;-1,37955;-1,83082;0,0214355;0,0155695;2,5;2,49993;1,4978;
0,00905017;0,173084;2,57454;0,214132;-1,37054;-1,83313;0,0311334;0,0229282;2,5;2,49993;1,4978;
0,00905038;0,210853;2,49472;0,266707;-1,35978;-1,83588;0,0495834;0,0364209;2,5;2,49993;1,4978;
0,00905058;0,24877;2,41492;0,318498;-1,34972;-1,83846;0,0742368;0,0535079;2,5;2,49993;1,4978;
0,00905076;0,286094;2,33662;0,368483;-1,34034;-1,84086;0,102529;0,0723027;2,5;2,49993;1,4978;
0,009051;0,336482;2,23124;0,434361;-1,3283;-1,84394;0,143801;0,0991326;2,5;2,49993;1,4978;
0,00905129;0,402263;2,09408;0,517604;-1,31338;-1,84776;0,199997;0,13516;2,5;2,49993;1,4978;
0,00905164;0,486264;1,91945;0,619393;-1,29523;-1,85241;0,272474;0,181109;2,5;2,49993;1,4978;
0,00905218;0,621098;1,64006;0,77226;-1,26742;-1,85953;0,385844;0,252432;2,5;2,49993;1,4978;
0,0090527;0,754154;1,36515;0,910582;-1,24088;-1,86632;0,491503;0,318421;2,5;2,49993;1,4978;
0,00905334;0,92091;1,02145;1,06618;-1,20802;-1,87474;0,612817;0,393854;2,5;2,49993;1,4978;
0,00905408;1,11111;0,630285;1,21903;-1,17026;-1,88441;0,734216;0,46885;2,5;2,49993;1,4978;
0,00905474;1,27592;0,29194;1,32932;-1,13666;-1,89302;0,823093;0,523453;2,5;2,49993;1,4978;
0,00905555;1,46954;-0,104986;1,43104;-1,09531;-1,90361;0,906617;0,57437;2,5;2,49993;1,4978;
0,00905629;1,63563;-0,445045;1,49231;-1,05753;-1,91329;0,958238;0,605396;2,5;2,49993;1,4978;
0,00905705;1,7927;-0,766315;1,52602;-1,01908;-1,92314;0,988242;0,622972;2,5;2,49993;1,4978;
0,00905782;1,93987;-1,06706;1,53386;-0,979832;-1,93319;0,997794;0,627757;2,5;2,49993;1,4978;
0,00905866;2,08461;-1,36263;1,51632;-0,937171;-1,94412;0,987322;0,620104;2,5;2,49993;1,4978;
0,00905951;2,21645;-1,63162;1,47527;-0,89358;-1,9553;0,9581;0,600791;2,5;2,49993;1,4978;
0,00906054;2,35373;-1,91153;1,40269;-0,841493;-1,96864;0,904162;0,566078;2,5;2,49993;1,4978;
0,00906189;2,50314;-2,21591;1,2812;-0,77324;-1,98614;0,812187;0,507531;2,5;2,49993;1,4978;
0,00906326;2,62399;-2,46188;1,13985;-0,703675;-2,00397;0,704213;0,439329;2,5;2,49993;1,4978;
0,00906464;2,71814;-2,65337;0,992627;-0,633977;-2,02183;0,591615;0,368464;2,5;2,49993;1,4978;
0,00906631;2,80294;-2,82567;0,819745;-0,549717;-2,04343;0,45988;0,285851;2,5;2,49993;1,4978;
0,00906818;2,86857;-2,95888;0,6436;-0,455421;-2,0676;0,327426;0,202987;2,5;2,49993;1,4978;
0,0090699;2,90851;-3,03984;0,503547;-0,368841;-2,0898;0,224773;0,138948;2,5;2,49993;1,4978;
0,00907171;2,93561;-3,09469;0,38076;-0,277976;-2,11309;0,139102;0,0856267;2,5;2,49993;1,4978;
0,00907362;2,95274;-3,12929;0,277018;-0,18221;-2,13764;0,0738853;0,0452271;2,5;2,49993;1,4978;
0,00907533;2,96123;-3,14636;0,204557;-0,0969719;-2,15949;0,0367788;0,0223831;2,5;2,49993;1,4978;
0,00907681;2,96511;-3,15411;0,154762;-0,0230681;-2,17844;0,0184208;0,0111907;2,5;2,49993;1,4978;
0,00907757;2,96618;-3,15623;0,133236;0,0150213;-2,1882;0,0127115;0,00769029;2,5;2,49993;1,4978;
0,00907831;2,96677;-3,15737;0,114758;0,051856;-2,19765;0,00879363;0,00533372;2,5;2,49993;1,4978;
0,00907892;2,96698;-3,15774;0,101127;0,0821809;-2,20542;0,00655435;0,00396419;2,5;2,49993;1,4978;
0,00907946;2,96699;-3,15771;0,0900095;0,1094;-2,2124;0,00498372;0,00300831;2,5;2,49993;1,4978;
0,00908002;2,96684;-3,15738;0,0797089;0,137064;-2,21949;0,0038085;0,00230927;2,5;2,49993;1,4978;
0,00908056;2,96658;-3,15682;0,0706726;0,163702;-2,22632;0,00293208;0,00175652;2,5;2,49993;1,4978;
0,00908114;2,96618;-3,15596;0,0617155;0,19279;-2,23377;0,00219831;0,00133551;2,5;2,49993;1,4978;
0,00908164;2,96575;-3,15506;0,0547373;0,217728;-2,24017;0,0017358;0,00103;2,5;2,49993;1,4978;
0,00908219;2,96521;-3,15392;0,0477824;0,245015;-2,24716;0,0013066;0,000790563;2,5;2,49993;1,4978;
0,00908271;2,96464;-3,15273;0,0418367;0,270699;-2,25375;0,00102284;0,0006006;2,5;2,49993;1,4978;
0,00908319;2,96407;-3,15154;0,0368522;0,294274;-2,25979;0,000785991;0,000468486;2,5;2,49993;1,4978;
0,00908367;2,96345;-3,15025;0,0321786;0,318428;-2,26598;0,000613957;0,000356744;2,5;2,49993;1,4978;
0,00908412;2,96285;-3,14902;0,0282717;0,340454;-2,27163;0,000470769;0,000271878;2,5;2,49993;1,4978;
0,00908458;2,96221;-3,14768;0,0245325;0,363414;-2,27752;0,000357061;0,000203817;2,5;2,49993;1,4978;
0,00908515;2,96139;-3,14599;0,0203867;0,39148;-2,28471;0,000242281;0,000130276;2,5;2,49993;1,4978;
0,00908573;2,96052;-3,1442;0,0165754;0,420294;-2,2921;0,000148393;7,78713e-05;2,5;2,49993;1,4978;
0,00908636;2,95957;-3,14222;0,0129184;0,451397;-2,30007;7,40928e-05;2,69671e-05;2,5;2,49993;1,4978;
0,00908702;2,95855;-3,14012;0,00956009;0,483813;-2,30838;8,80094e-06;-7,05418e-06;2,5;2,49993;1,4978;
0,00908775;2,95738;-3,13772;0,00628006;0,520185;-2,31771;-3,9103e-05;-4,20817e-05;2,5;2,49993;1,4978;
0,00908851;2,95617;-3,13522;0,0033762;0,557655;-2,32731;-8,25535e-05;-6,30505e-05;2,5;2,49993;1,4978;
0,00908943;2,9547;-3,13218;0,000417451;0,602981;-2,33893;-0,000112343;-8,6478e-05;2,5;2,49993;1,4978;
0,00909037;2,95318;-3,12905;-0,00207695;0,649421;-2,35084;-0,000139901;-9,84178e-05;2,5;2,49993;1,4978;
0,00909168;2,95108;-3,12472;-0,00479605;0,713526;-2,36727;-0,000156991;-0,000113399;2,5;2,49993;1,4978;
0,00909292;2,94908;-3,12062;-0,00675521;0,774641;-2,38294;-0,000172068;-0,000118357;2,5;2,49993;1,4978;
0,00909474;2,94619;-3,11466;-0,00879865;0,8638;-2,40579;-0,000177707;-0,000125761;2,5;2,49993;1,4978;
0,00909653;2,94337;-3,10885;-0,0101159;0,951611;-2,4283;-0,000184647;-0,000126241;2,5;2,49993;1,4978;
0,00909915;2,93931;-3,10048;-0,0112564;1,07945;-2,46108;-0,000183301;-0,000128953;2,5;2,49993;1,4978;
0,00910188;2,93513;-3,09187;-0,0118412;1,21244;-2,49517;-0,000186037;-0,000127205;2,5;2,49993;1,4978;
0,0091056;2,92949;-3,08025;-0,0121578;1,39339;-2,54156;-0,000182179;-0,000128096;2,5;2,49993;1,4978;
0,00910963;2,92345;-3,06781;-0,012225;1,5884;-2,59155;-0,00018381;-0,00012591;2,5;2,49993;1,4978;
0,0091154;2,91488;-3,05015;-0,0121814;1,86612;-2,66275;-0,000179789;-0,00012651;2,5;2,49993;1,4978;
0,00912264;2,9042;-3,02816;-0,0120865;2,21252;-2,75155;-0,00018108;-0,000124261;2,5;2,49993;1,4978;
0,0091319;2,89067;-3,00026;-0,0119723;2,65191;-2,86419;-0,000176853;-0,000124613;2,5;2,49993;1,4978;
0,00914116;2,87725;-2,97261;-0,0118628;3,08725;-2,97579;-0,000177823;-0,000122256;2,5;2,49993;1,4978;
0,00915042;2,86396;-2,94523;-0,0117536;3,51858;-3,08637;-0,000173679;-0,000122571;2,5;2,49993;1,4978;
0,00915721;2,85429;-2,9253;-0,011674;3,83243;-3,16683;-0,000175007;-0,000120536;2,5;2,49993;1,4978;
0,009164;2,84468;-2,9055;-0,0115951;4,14416;-3,24674;-0,000171394;-0,000121074;2,5;2,49993;1,4978;
0,009164;2,84468;-2,9055;-0,0115951;4,14416;-3,24674;-0,000171394;-0,000121074;2,25;2,49993;1,4978;
0,009164;2,84468;-2,9055;-0,0115951;4,14416;-3,24674;-0,000171394;-0,000121074;1,75;2,49993;1,4978;
0,009164;2,84468;-2,9055;-0,0115951;4,14416;-3,24674;-0,000171394;-0,000121074;0,875002;2,49993;1,4978;
0,009164;2,84468;-2,9055;-0,0115951;4,14416;-3,24674;-0,000171394;-0,000121074;0;2,49993;1,4978;
0,009164;2,84468;-2,9055;-0,0115952;4,14416;-3,24674;-0,000171394;-0,000121074;0;2,49993;1,4978;
0,009164;2,84468;-2,9055;-0,0115952;4,14416;-3,24674;-0,000171394;-0,000121074;0;2,49993;1,4978;
0,009164;2,84468;-2,9055;-0,0115951;4,14416;-3,24674;-0,000171394;-0,000121074;0;2,49993;1,4978;
0,009164;2,84468;-2,9055;-0,0115951;4,14416;-3,24674;-0,000171394;-0,000121074;0;2,49993;1,4978;
0,009164;2,84468;-2,9055;-0,0115951;4,14416;-3,24674;-0,000171394;-0,000121074;0;2,49993;1,4978;
0,009164;2,84468;-2,9055;-0,0115951;4,14416;-3,24674;-0,000171394;-0,000121074;0;2,49993;1,4978;
0,009164;2,84468;-2,9055;-0,0115951;4,14416;-3,24674;-0,000171394;-0,000121074;0;2,49993;1,4978;
0,009164;2,84468;-2,9055;-0,0115951;4,14416;-3,24674;-0,000171394;-0,000121074;0;2,49993;1,4978;
0,009164;2,84468;-2,9055;-0,0115951;4,14416;-3,24674;-0,000171394;-0,000121074;0;2,49993;1,4978;
0,009164;2,84468;-2,9055;-0,0115951;4,14417;-3,24674;-0,000171394;-0,000121074;0;2,49993;1,4978;
0,009164;2,84468;-2,9055;-0,0115951;4,14417;-3,24674;-0,000171395;-0,000121073;0;2,49993;1,4978;
0,009164;2,84468;-2,9055;-0,0115951;4,14418;-3,24674;-0,000171395;-0,000121073;0;2,49991;1,4978;
0,009164;2,84468;-2,9055;-0,0115951;4,14419;-3,24675;-0,000171397;-0,000121072;0;2,49985;1,4978;
0,009164;2,84468;-2,9055;-0,0115951;4,14421;-3,24675;-0,0001714;-0,000121069;0;2,49959;1,4978;
0,009164;2,84468;-2,9055;-0,0115951;4,14427;-3,24677;-0,000171408;-0,000121064;0;2,4986;1,4978;
0,00916401;2,84467;-2,90549;-0,0115951;4,14437;-3,24679;-0,000171426;-0,000121052;0;2,49475;1,4978;
0,00916401;2,84467;-2,90548;-0,0115951;4,14451;-3,24683;-0,000171455;-0,000121035;0;2,48658;1,49777;
0,00916401;2,84466;-2,90547;-0,011595;4,14464;-3,24686;-0,000171491;-0,000121015;0;2,47496;1,4977;
0,00916402;2,84466;-2,90546;-0,011595;4,14479;-3,2469;-0,000171536;-0,000120991;0;2,45887;1,49753;
0,00916402;2,84465;-2,90545;-0,0115949;4,14497;-3,24696;-0,000171599;-0,000120959;0;2,43415;1,49708;
0,00916403;2,84465;-2,90543;-0,0115949;4,14526;-3,24705;-0,000171707;-0,000120905;0;2,38767;1,49559;
0,00916404;2,84463;-2,9054;-0,0115947;4,14576;-3,24727;-0,000171905;-0,000120809;0;2,28994;1,48945;
0,00916405;2,84461;-2,90536;-0,0115946;4,1464;-3,24766;-0,000172145;-0,000120694;0;2,14612;1,4726;
0,00916407;2,84459;-2,90531;-0,0115944;4,1472;-3,2483;-0,000172381;-0,00012058;0;1,95988;1,43601;
0,00916408;2,84456;-2,90526;-0,0115942;4,14817;-3,24926;-0,000172564;-0,000120489;0;1,74108;1,3711;
0,0091641;2,84453;-2,9052;-0,011594;4,1495;-3,25057;-0,000172679;-0,000120428;0;1,47896;1,26329;
0,00916413;2,8445;-2,90512;-0,011594;4,15157;-3,25229;-0,000172715;-0,000120408;0;1,1446;1,08408;
0,00916416;2,84446;-2,90508;-0,011594;4,15433;-3,25396;-0,000172689;-0,000120441;0;0,782395;0,847221;
0,00916418;2,84443;-2,9051;-0,0115938;4,15697;-3,25506;-0,00017266;-0,000120492;0;0,494449;0,625704;
0,00916421;2,84441;-2,90522;-0,0115914;4,16018;-3,25591;-0,000172645;-0,000120493;0;0,227462;0,362114;
0,00916423;2,84441;-2,90538;-0,0115868;4,1625;-3,25625;-0,000172637;-0,000120354;0;0,0949247;0,17318;
0,00916424;2,84442;-2,90555;-0,0115803;4,16421;-3,25636;-0,000172615;-0,000120077;0;0,0287565;0,0341674;
0,00916425;2,84444;-2,90579;-0,0115688;4,166;-3,25632;-0,000172538;-0,000119476;0;-0,0156614;-0,110094;
0,00916426;2,84447;-2,90598;-0,0115576;4,16718;-3,25621;-0,000172431;-0,000118805;0;-0,0330187;-0,204076;
0,00916428;2,84451;-2,90623;-0,0115396;4,1685;-3,25598;-0,000172202;-0,000117616;0;-0,0435451;-0,308939;
0,00916429;2,84456;-2,9065;-0,011517;4,16967;-3,25566;-0,000171837;-0,000115984;0;-0,0461753;-0,400679;
0,0091643;2,84461;-2,90678;-0,0114902;4,17067;-3,2553;-0,000171311;-0,000113901;0;-0,0443437;-0,478932;
0,00916431;2,84468;-2,90709;-0,0114557;4,17161;-3,25485;-0,000170512;-0,000111049;0;-0,0398221;-0,552045;
0,00916432;2,84476;-2,90746;-0,0114092;4,17252;-3,2543;-0,000169242;-0,000106954;0;-0,0333274;-0,62295;
0,00916433;2,84487;-2,90787;-0,0113483;4,17334;-3,25367;-0,00016729;-0,000101251;0;-0,0258972;-0,688483;
0,00916434;2,84499;-2,90833;-0,0112706;4,17403;-3,25297;-0,000164397;-9,35695e-05;0;-0,0185505;-0,74651;
0,00916435;2,84515;-2,90884;-0,0111692;4,17459;-3,25221;-0,000160018;-8,29836e-05;0;-0,0117451;-0,798348;
0,00916437;2,84532;-2,90939;-0,0110421;4,17496;-3,25144;-0,000153688;-6,90386e-05;0;-0,00618553;-0,841976;
0,00916438;2,84553;-2,90999;-0,0108813;4,17513;-3,25066;-0,000144485;-5,05421e-05;0;-0,00199412;-0,878479;
0,0091644;2,84577;-2,91062;-0,0106821;4,17508;-3,24991;-0,000131442;-2,66217e-05;0;0,00074468;-0,907822;
0,00916441;2,84594;-2,91102;-0,0105362;4,17494;-3,24948;-0,000120869;-8,55431e-06;0;0,00176785;-0,922721;
0,00916442;2,84614;-2,91149;-0,0103424;4,17465;-3,249;-0,000105538;1,60614e-05;0;0,00242261;-0,937284;
0,00916443;2,84634;-2,91191;-0,0101461;4,17431;-3,24861;-8,86082e-05;4,15917e-05;0;0,00260737;-0,947995;
0,00916444;2,84658;-2,91238;-0,00989116;4,17379;-3,24821;-6,46462e-05;7,5442e-05;0;0,00248454;-0,958018;
0,00916445;2,84681;-2,9128;-0,00963042;4,17323;-3,24787;-3,79386e-05;0,000110742;0;0,00216411;-0,965313;
0,00916447;2,84707;-2,91324;-0,00930371;4,1725;-3,24754;-1,45972e-06;0,000155712;0;0,00168686;-0,971802;
0,00916448;2,84731;-2,91361;-0,00897795;4,17176;-3,24727;3,81118e-05;0,000201159;0;0,00122969;-0,976374;
0,0091645;2,84758;-2,91396;-0,00858213;4,17087;-3,247;9,0396e-05;0,000256908;0;0,000764262;-0,98033;
0,00916451;2,84784;-2,91425;-0,00816295;4,16993;-3,24676;0,00015069;0,000316252;0;0,000394523;-0,983286;
0,00916453;2,84812;-2,9145;-0,00764094;4,16877;-3,24649;0,000232833;0,00039003;0;9,34033e-05;-0,985862;
0,00916455;2,84837;-2,91463;-0,00709925;4,16758;-3,24624;0,000326417;0,000465715;0;-7,31667e-05;-0,987704;
0,00916457;2,84858;-2,91464;-0,00655072;4,16637;-3,24599;0,000430129;0,000540455;0;-0,000136832;-0,989017;
0,00916458;2,84874;-2,91451;-0,00602113;4,16517;-3,24574;0,000539315;0,00060954;0;-0,000135573;-0,989927;
0,0091646;2,84885;-2,91425;-0,00549512;4,16393;-3,24548;0,000657399;0,000673337;0;-0,000101717;-0,990585;
0,00916463;2,84889;-2,9138;-0,0049765;4,16259;-3,24519;0,000784637;0,00072851;0;-5,63324e-05;-0,991054;
0,00916465;2,84884;-2,91304;-0,0044579;4,16101;-3,24485;0,000925526;0,000769546;0;-1,29982e-05;-0,991386;
0,00916469;2,8486;-2,91175;-0,0039909;4,15904;-3,24441;0,00107201;0,000776068;0;1,58018e-05;-0,991595;
0,00916472;2,84812;-2,90992;-0,00377113;4,15692;-3,24392;0,0011683;0,000719101;0;2,20393e-05;-0,991679;
0,00916477;2,84727;-2,9072;-0,00395043;4,15445;-3,24335;0,00116896;0,000565533;0;1,65177e-05;-0,991701;
0,00916481;2,84595;-2,90342;-0,00476136;4,1517;-3,24271;0,00100258;0,000291666;0;1,08166e-05;-0,991699;
0,00916486;2,84423;-2,89883;-0,00625878;4,14894;-3,24205;0,000654117;-7,20128e-05;0;9,73392e-06;-0,991696;
0,00916492;2,84213;-2,8935;-0,00842884;4,14621;-3,24138;0,000150044;-0,000493989;0;1,05717e-05;-0,991695;
0,00916497;2,83946;-2,88696;-0,0114906;4,1433;-3,24067;-0,000519733;-0,000983702;0;1,11104e-05;-0,991695;
0,00916502;2,83638;-2,8796;-0,0152807;4,14041;-3,23995;-0,0012728;-0,00148846;0;1,1086e-05;-0,991694;
0,0091651;2,83169;-2,86863;-0,0213719;4,1366;-3,239;-0,00232569;-0,00215467;0;1,09525e-05;-0,991694;
0,00916519;2,82469;-2,85261;-0,030852;4,13173;-3,23777;-0,00367717;-0,00297685;0;1,09536e-05;-0,991694;
0,00916532;2,81273;-2,82575;-0,047615;4,12473;-3,23599;-0,00551381;-0,00406367;0;1,09836e-05;-0,991694;
0,00916552;2,79187;-2,77987;-0,0774558;4,11465;-3,23343;-0,00775382;-0,0053355;0;1,09635e-05;-0,991694;
0,0091657;2,76879;-2,72982;-0,110733;4,10522;-3,23102;-0,00921713;-0,00605408;0;1,09731e-05;-0,991694;
0,00916586;2,74696;-2,68292;-0,142116;4,0973;-3,22899;-0,00969128;-0,00606726;0;1,09712e-05;-0,991694;
0,00916599;2,72603;-2,63821;-0,172018;4,09032;-3,2272;-0,00916388;-0,00532371;0;1,09694e-05;-0,991694;
0,00916613;2,70423;-2,59188;-0,202879;4,08353;-3,22547;-0,00724612;-0,00346027;0;1,09715e-05;-0,991694;
0,00916623;2,68659;-2,5545;-0,227638;4,07831;-3,22413;-0,0043447;-0,000880418;0;1,09705e-05;-0,991694;
0,00916632;2,66915;-2,51764;-0,251902;4,07335;-3,22286;5,08428e-05;0,0028065;0;1,09705e-05;-0,991694;
0,00916642;2,65188;-2,48122;-0,275725;4,0686;-3,22164;0,00609265;0,00758882;0;1,09707e-05;-0,991694;
0,00916653;2,6293;-2,43369;-0,306552;4,0626;-3,22011;0,0164908;0,015345;0;1,09706e-05;-0,991694;
0,00916668;2,59961;-2,37134;-0,346526;4,05502;-3,21817;0,0337968;0,0275638;0;1,09706e-05;-0,991694;
0,00916687;2,56021;-2,28883;-0,398564;4,04539;-3,2157;0,0612629;0,0461061;0;1,09707e-05;-0,991694;
0,00916717;2,49323;-2,14897;-0,484418;4,02985;-3,21172;0,114218;0,080669;0;1,09706e-05;-0,991694;
0,00916749;2,41957;-1,99568;-0,575037;4,01365;-3,20757;0,176206;0,120301;0;1,09707e-05;-0,991694;
0,00916787;2,32689;-1,80333;-0,683475;3,99413;-3,20258;0,254858;0,170063;0;1,09706e-05;-0,991694;
0,0091683;2,21909;-1,5802;-0,801826;3,97222;-3,19697;0,344315;0,226272;0;1,09707e-05;-0,991694;
0,00916893;2,05648;-1,24449;-0,964562;3,93994;-3,1887;0,471548;0,305703;0;1,09706e-05;-0,991694;
0,00916976;1,84159;-0,802044;-1,15033;3,89753;-3,17784;0,6215;0,398716;0;1,09707e-05;-0,991694;
0,00917062;1,62378;-0,354631;-1,30344;3,85355;-3,16658;0,748895;0,477168;0;1,09706e-05;-0,991694;
0,00917168;1,37039;0,164824;-1,43399;3,79941;-3,15271;0,861584;0,545915;0;1,09707e-05;-0,991694;
0,00917267;1,15318;0,609398;-1,50074;3,74883;-3,13975;0,92341;0,582921;0;1,09706e-05;-0,991694;
0,00917368;0,954407;1,01573;-1,52035;3,69742;-3,12658;0,947395;0,596351;0;1,09707e-05;-0,991694;
0,00917469;0,779531;1,37283;-1,49961;3,64629;-3,11347;0,93838;0,589324;0;1,09706e-05;-0,991694;
0,00917643;0,528877;1,88409;-1,39592;3,55794;-3,09083;0,866454;0,542441;0;1,09707e-05;-0,991694;
0,00917813;0,341212;2,26639;-1,24043;3,47155;-3,06869;0,750519;0,468667;0;1,09706e-05;-0,991694;
0,00917989;0,19781;2,55819;-1,05636;3,38258;-3,04589;0,610347;0,380225;0;1,09706e-05;-0,991694;
0,00918182;0,0865649;2,78431;-0,853427;3,28494;-3,02086;0,454896;0,2826;0;1,09706e-05;-0,991694;
0,00918323;0,0294987;2,90018;-0,715302;3,21388;-3,00264;0,34955;0,216656;0;1,09706e-05;-0,991694;
0,00918447;-0,00794577;2,97614;-0,604769;3,15143;-2,98664;0,266335;0,164662;0;1,09706e-05;-0,991694;
0,00918572;-0,0361458;3,0333;-0,505385;3,0887;-2,97056;0,193063;0,118964;0;1,09706e-05;-0,991694;
0,00918707;-0,0582802;3,07812;-0,411652;3,02105;-2,95321;0,126797;0,0777448;0;1,09706e-05;-0,991694;
0,00918886;-0,0777987;3,11757;-0,307925;2,93126;-2,9302;0,0607316;0,0368358;0;1,09706e-05;-0,991694;
0,00919084;-0,090044;3,14224;-0,218266;2,83226;-2,90482;0,0193858;0,0116402;0;1,09707e-05;-0,991694;
0,00919174;-0,0932708;3,1487;-0,184963;2,78694;-2,8932;0,0108548;0,00650742;0;1,09706e-05;-0,991694;
0,00919217;-0,0944094;3,15098;-0,170752;2,76558;-2,88772;0,00828028;0,00496091;0;1,09707e-05;-0,991694;
0,0091927;-0,0955319;3,15321;-0,154411;2,73918;-2,88096;0,00599217;0,00360375;0;1,09706e-05;-0,991694;
0,00919318;-0,0962995;3,15473;-0,140836;2,71551;-2,87489;0,00455777;0,0027351;0;1,09707e-05;-0,991694;
0,00919372;-0,096934;3,15597;-0,1265;2,68844;-2,86795;0,00335057;0,00201513;0;1,09706e-05;-0,991694;
0,00919427;-0,0973442;3,15676;-0,113198;2,66106;-2,86093;0,00249365;0,00149639;0;1,09707e-05;-0,991694;
0,00919478;-0,0975435;3,15713;-0,10181;2,63552;-2,85438;0,00188591;0,0011271;0;1,09706e-05;-0,991694;
0,00919533;-0,097587;3,15717;-0,0906681;2,60827;-2,8474;0,00139688;0,000833637;0;1,09706e-05;-0,991694;
0,00919577;-0,0975094;3,15699;-0,0823297;2,58612;-2,84172;0,00108099;0,000636331;0;1,09706e-05;-0,991694;
0,00919633;-0,0972883;3,1565;-0,0727041;2,55829;-2,83458;0,000770833;0,000455098;0;1,09706e-05;-0,991694;
0,00919681;-0,0970063;3,15589;-0,0652423;2,53472;-2,82854;0,000593285;0,000345288;0;1,09706e-05;-0,991694;
0,00919735;-0,0965919;3,15501;-0,0574131;2,50771;-2,82162;0,000442483;0,000257606;0;1,09706e-05;-0,991694;
0,00919789;-0,0960949;3,15397;-0,0503169;2,48078;-2,81471;0,00033343;0,000188479;0;1,09706e-05;-0,991694;
0,0091986;-0,0953406;3,15239;-0,0420153;2,44557;-2,80568;0,0002279;0,000127512;0;1,09706e-05;-0,991694;
0,00919944;-0,0943216;3,15028;-0,0334578;2,40381;-2,79498;0,000156516;8,29994e-05;0;1,09706e-05;-0,991694;
0,00920044;-0,09299;3,14751;-0,0249479;2,35466;-2,78238;0,00011221;5,83278e-05;0;1,09706e-05;-0,991694;
0,00920147;-0,0915017;3,14443;-0,0176676;2,30376;-2,76933;0,000104499;5,37636e-05;0;1,09706e-05;-0,991694;
0,00920266;-0,0896826;3,14068;-0,0108497;2,24472;-2,7542;0,000115844;6,20426e-05;0;1,09706e-05;-0,991694;
0,00920407;-0,0874524;3,13608;-0,00461052;2,17487;-2,73629;0,000149569;8,35552e-05;0;1,09706e-05;-0,991694;
0,00920578;-0,084722;3,13045;0,000853051;2,09104;-2,7148;0,000193409;0,0001109;0;1,09706e-05;-0,991694;
0,0092075;-0,0819444;3,12472;0,00469669;2,00627;-2,69307;0,000235496;0,000137606;0;1,09706e-05;-0,991694;
0,00920946;-0,0788018;3,11825;0,00762129;1,90998;-2,66838;0,00027142;0,000159311;0;1,09706e-05;-0,991694;
0,00921153;-0,0755148;3,11148;0,00956925;1,80832;-2,64232;0,000298063;0,000176572;0;1,09706e-05;-0,991694;
0,00921395;-0,0717329;3,10369;0,0109;1,68998;-2,61198;0,000316611;0,000187176;0;1,09706e-05;-0,991694;
0,00921662;-0,067617;3,09521;0,0116657;1,55967;-2,57858;0,00032766;0,000194954;0;1,09706e-05;-0,991694;
0,00921987;-0,0626835;3,08505;0,0120738;1,4019;-2,53813;0,000332792;0,000197049;0;1,09706e-05;-0,991694;
0,00922372;-0,0568806;3,07309;0,012217;1,21493;-2,4902;0,000333895;0,000198819;0;1,09706e-05;-0,991694;
0,00922871;-0,0494471;3,05778;0,0122103;0,974315;-2,42852;0,000332765;0,000196937;0;1,09706e-05;-0,991694;
0,00923526;-0,0397616;3,03782;0,0121287;0,660152;-2,34798;0,000330187;0,000196508;0;1,09706e-05;-0,991694;
0,00924452;-0,0261789;3,00983;0,0120105;0,219365;-2,23498;0,000327133;0,000193371;0;1,09706e-05;-0,991694;
0,00925378;-0,0127208;2,9821;0,0119003;-0,217361;-2,12302;0,000323801;0,00019251;0;1,09706e-05;-0,991694;
0,00926304;0,000613774;2,95463;0,011791;-0,650064;-2,0121;0,000321004;0,000189497;0;1,09706e-05;-0,991694;
0,00927152;0,0127202;2,92968;0,0116915;-1,04292;-1,91138;0,00031791;0,000188821;0;1,09706e-05;-0,991694;
0,00928;0,0247244;2,90495;0,0115927;-1,43245;-1,81152;0,000315497;0,000186014;0;1,09706e-05;-0,991694;
0,00928;0,0247244;2,90495;0,0115927;-1,43245;-1,81152;0,000315497;0,000186014;0,25;1,09707e-05;-0,991694;
0,00928;0,0247244;2,90495;0,0115927;-1,43245;-1,81152;0,000315497;0,000186014;0,749999;1,09707e-05;-0,991694;
0,00928;0,0247244;2,90495;0,0115927;-1,43245;-1,81152;0,000315497;0,000186014;1,625;1,09707e-05;-0,991694;
0,00928;0,0247244;2,90495;0,0115927;-1,43245;-1,81152;0,000315497;0,000186014;2,5;1,09707e-05;-0,991694;
0,00928;0,0247244;2,90495;0,0115927;-1,43245;-1,81152;0,000315497;0,000186014;2,5;1,09707e-05;-0,991694;
0,00928;0,0247244;2,90495;0,0115927;-1,43245;-1,81152;0,000315497;0,000186014;2,5;1,09707e-05;-0,991694;
0,00928;0,0247244;2,90495;0,0115927;-1,43245;-1,81152;0,000315497;0,000186014;2,5;1,09708e-05;-0,991694;
0,00928;0,0247244;2,90495;0,0115927;-1,43245;-1,81152;0,000315497;0,000186014;2,5;1,09711e-05;-0,991694;
0,00928;0,0247244;2,90495;0,0115927;-1,43245;-1,81152;0,000315497;0,000186014;2,5;1,09722e-05;-0,991694;
0,00928;0,0247244;2,90495;0,0115927;-1,43245;-1,81152;0,000315497;0,000186014;2,5;1,09764e-05;-0,991694;
0,00928;0,0247244;2,90495;0,0115927;-1,43245;-1,81152;0,000315496;0,000186014;2,5;1,09927e-05;-0,991694;
0,00928;0,0247245;2,90495;0,0115927;-1,43245;-1,81152;0,000315496;0,000186014;2,5;1,10569e-05;-0,991694;
0,00928;0,0247245;2,90495;0,0115927;-1,43245;-1,81152;0,000315496;0,000186015;2,5;1,13118e-05;-0,991694;
0,00928;0,0247245;2,90495;0,0115927;-1,43245;-1,81152;0,000315495;0,000186015;2,5;1,23268e-05;-0,991694;
0,00928;0,0247246;2,90495;0,0115927;-1,43246;-1,81152;0,000315493;0,000186017;2,5;1,63742e-05;-0,991694;
0,00928;0,0247248;2,90495;0,0115927;-1,43246;-1,81152;0,00031549;0,000186019;2,5;3,25096e-05;-0,991694;
0,00928;0,0247252;2,90495;0,0115927;-1,43248;-1,81152;0,000315483;0,000186024;2,5;9,67109e-05;-0,991694;
0,00928;0,024726;2,90495;0,0115927;-1,4325;-1,81151;0,00031547;0,000186035;2,5;0,000351006;-0,991694;
0,00928;0,0247277;2,90494;0,0115927;-1,43256;-1,8115;0,000315444;0,000186055;2,5;0,00134891;-0,991694;
0,00928001;0,0247305;2,90494;0,0115927;-1,43265;-1,81147;0,000315401;0,000186088;2,5;0,00453063;-0,99169;
0,00928001;0,0247345;2,90493;0,0115927;-1,43278;-1,81144;0,00031534;0,000186133;2,5;0,0121827;-0,991669;
0,00928001;0,0247386;2,90492;0,0115926;-1,43291;-1,81141;0,000315284;0,000186175;2,5;0,0231027;-0,991606;
0,00928002;0,0247431;2,90491;0,0115926;-1,43306;-1,81136;0,000315224;0,000186219;2,5;0,0389543;-0,991443;
0,00928002;0,0247485;2,9049;0,0115925;-1,43323;-1,81131;0,00031516;0,000186265;2,5;0,0615368;-0,991059;
0,00928003;0,024757;2,90488;0,0115925;-1,43351;-1,81122;0,000315072;0,000186331;2,5;0,105201;-0,989754;
0,00928003;0,0247709;2,90485;0,0115924;-1,43396;-1,81104;0,000314965;0,000186418;2,5;0,191376;-0,984822;
0,00928005;0,0247886;2,90482;0,0115922;-1,43455;-1,81071;0,000314885;0,000186499;2,5;0,320231;-0,971263;
0,00928006;0,024811;2,90477;0,011592;-1,43532;-1,8101;0,000314858;0,000186565;2,5;0,501918;-0,938595;
0,00928008;0,0248352;2,90472;0,0115918;-1,43624;-1,80923;0,000314893;0,000186602;2,5;0,710214;-0,881003;
0,0092801;0,024864;2,90465;0,0115917;-1,43749;-1,80798;0,00031498;0,000186614;2,5;0,964268;-0,782168;
0,00928012;0,0248991;2,90458;0,0115915;-1,43934;-1,80636;0,000315101;0,000186607;2,5;1,27585;-0,622443;
0,00928015;0,0249357;2,90453;0,0115916;-1,44176;-1,80476;0,00031521;0,000186602;2,5;1,60754;-0,413985;
0,00928018;0,0249706;2,90454;0,0115915;-1,44484;-1,80336;0,000315293;0,000186617;2,5;1,95495;-0,154733;
0,0092802;0,0249906;2,90463;0,0115899;-1,44775;-1,80253;0,000315339;0,00018661;2,5;2,2111;0,083931;
0,00928023;0,0249921;2,90484;0,0115838;-1,45088;-1,80204;0,000315351;0,000186407;2,5;2,40178;0,338516;
0,00928024;0,0249826;2,905;0,0115778;-1,45244;-1,80195;0,00031533;0,000186138;2,5;2,46332;0,464389;
0,00928025;0,0249612;2,90521;0,0115672;-1,45412;-1,80197;0,000315255;0,000185578;2,5;2,50815;0,599684;
0,00928027;0,0249207;2,90551;0,0115484;-1,45593;-1,80217;0,000315046;0,000184414;2,5;2,53554;0,744828;
0,00928029;0,0248219;2,90608;0,0115006;-1,45839;-1,80279;0,000314205;0,000180898;2,5;2,54625;0,939082;
0,0092803;0,0247598;2,90638;0,0114689;-1,4594;-1,8032;0,000313498;0,000178327;2,5;2,54317;1,01754;
0,00928031;0,0246885;2,9067;0,0114308;-1,46027;-1,80366;0,000312506;0,000175038;2,5;2,53802;1,08634;
0,00928032;0,0245944;2,90709;0,0113775;-1,46115;-1,80424;0,000310895;0,000170167;2,5;2,53101;1,15547;
0,00928033;0,0244823;2,90751;0,0113101;-1,4619;-1,80488;0,000308531;0,00016364;2,5;2,52358;1,21709;
0,00928035;0,0243438;2,908;0,0112211;-1,46255;-1,80561;0,000304919;0,000154536;2,5;2,51621;1,27347;
0,00928036;0,0241819;2,90852;0,0111096;-1,46302;-1,80636;0,0002997;0,000142518;2,5;2,50982;1,32157;
0,00928037;0,0239893;2,90909;0,0109668;-1,46332;-1,80714;0,000292023;0,000126363;2,5;2,50462;1,36279;
0,00928039;0,0237698;2,90969;0,0107912;-1,4634;-1,8079;0,000281211;0,000105562;2,5;2,50094;1,39616;
0,0092804;0,0235135;2,91034;0,0105685;-1,46326;-1,80864;0,000265559;7,80628e-05;2,5;2,4986;1,42346;
0,00928042;0,0232108;2,91103;0,0102811;-1,46285;-1,80934;0,00024243;4,1117e-05;2,5;2,49748;1,44546;
0,00928044;0,0229273;2,91162;0,0099868;-1,46231;-1,80988;0,000215668;2,01766e-06;2,5;2,49734;1,4596;
0,00928045;0,0227075;2,91204;0,00974081;-1,4618;-1,81022;0,000191065;-3,1442e-05;2,5;2,49755;1,46768;
0,00928046;0,0224824;2,91243;0,00947115;-1,46121;-1,81053;0,000161846;-6,87632e-05;2,5;2,49792;1,47412;
0,00928047;0,0222251;2,91285;0,00913862;-1,46046;-1,81084;0,000122679;-0,000115507;2,5;2,4984;1,47982;
0,00928049;0,0219781;2,9132;0,00879151;-1,45968;-1,81111;7,82257e-05;-0,000164923;2,5;2,49886;1,48404;
0,0092805;0,0217114;2,91353;0,00838027;-1,45876;-1,81137;2,09282e-05;-0,000223981;2,5;2,49931;1,48761;
0,00928052;0,0214497;2,9138;0,00793066;-1,45775;-1,81161;-4,74028e-05;-0,000288808;2,5;2,49965;1,49036;
0,00928054;0,0211674;2,914;0,00737506;-1,45653;-1,81188;-0,000140092;-0,00036861;2,5;2,49992;1,49273;
0,00928056;0,020939;2,91408;0,00684316;-1,45536;-1,81213;-0,000237553;-0,000443913;2,5;2,50004;1,4943;
0,00928057;0,0207462;2,91403;0,00628914;-1,45413;-1,81238;-0,000348615;-0,000520073;2,5;2,50008;1,49547;
0,00928059;0,0206118;2,91384;0,00576935;-1,45293;-1,81263;-0,000462396;-0,000588017;2,5;2,50007;1,49627;
0,00928062;0,0205302;2,91349;0,00523139;-1,45161;-1,81291;-0,000591174;-0,000652414;2,5;2,50003;1,49688;
0,00928064;0,0205321;2,91286;0,00467667;-1,45006;-1,81325;-0,000738302;-0,0007077;2,5;2,49998;1,49732;
0,00928067;0,0206768;2,91183;0,00416917;-1,44826;-1,81365;-0,000891782;-0,000736889;2,5;2,49994;1,49761;
0,00928071;0,0210366;2,91027;0,00382807;-1,44621;-1,81411;-0,00102062;-0,000714765;2,5;2,49992;1,49775;
0,00928075;0,021698;2,90799;0,00380393;-1,44391;-1,81464;-0,00107927;-0,000612876;2,5;2,49992;1,4978;
0,00928079;0,0227789;2,90476;0,00429855;-1,44131;-1,81525;-0,00100514;-0,000400778;2,5;2,49993;1,49781;
0,00928084;0,0243259;2,90052;0,00548685;-1,43853;-1,81591;-0,000744874;-7,51934e-05;2,5;2,49993;1,49781;
0,00928089;0,0262526;2,89553;0,00735382;-1,43579;-1,81657;-0,000312363;0,00032336;2,5;2,49993;1,49781;
0,00928094;0,0285874;2,88971;0,0099288;-1,43303;-1,81724;0,000267769;0,00077506;2,5;2,49993;1,49781;
0,009281;0,0316378;2,88233;0,0135904;-1,42997;-1,818;0,00103118;0,00130927;2,5;2,49993;1,49781;
0,00928106;0,0354403;2,87336;0,0184352;-1,42667;-1,81882;0,00193319;0,00189983;2,5;2,49993;1,4978;
0,00928115;0,0417474;2,8588;0,02686;-1,422;-1,81999;0,00327255;0,0027461;2,5;2,49993;1,4978;
0,00928127;0,0516755;2,83636;0,0406339;-1,4158;-1,82156;0,00507251;0,00387589;2,5;2,49993;1,4978;
0,00928145;0,0690306;2,79792;0,065346;-1,40682;-1,82385;0,0077508;0,00560336;2,5;2,49993;1,4978;
0,00928165;0,0939954;2,74356;0,101312;-1,39608;-1,82659;0,0114367;0,00812386;2,5;2,49993;1,4978;
0,00928182;0,117045;2,69393;0,134509;-1,38748;-1,82879;0,0153406;0,0109607;2,5;2,49993;1,4978;
0,009282;0,143819;2,63671;0,172796;-1,37847;-1,8311;0,0214356;0,0155696;2,5;2,49993;1,4978;
0,00928217;0,173051;2,57461;0,214132;-1,36945;-1,8334;0,0311337;0,0229284;2,5;2,49993;1,4978;
0,00928238;0,21082;2,49478;0,266708;-1,3587;-1,83616;0,0495838;0,0364211;2,5;2,49993;1,4978;
0,00928258;0,248737;2,41499;0,318499;-1,34863;-1,83873;0,0742371;0,0535081;2,5;2,49993;1,4978;
0,00928276;0,286062;2,33669;0,368484;-1,33926;-1,84113;0,102529;0,0723031;2,5;2,49993;1,4978;
0,009283;0,336449;2,2313;0,434362;-1,32722;-1,84422;0,143802;0,0991332;2,5;2,49993;1,4978;
0,00928329;0,40223;2,09414;0,517606;-1,3123;-1,84804;0,199998;0,135161;2,5;2,49993;1,4978;
0,00928364;0,486233;1,91952;0,619396;-1,29415;-1,85268;0,272477;0,181111;2,5;2,49993;1,4978;
0,00928418;0,621065;1,64012;0,77226;-1,26634;-1,8598;0,385844;0,252432;2,5;2,49993;1,4978;
0,0092847;0,754123;1,36522;0,910584;-1,2398;-1,8666;0,491505;0,318422;2,5;2,49993;1,4978;
0,00928534;0,920881;1,02151;1,06618;-1,20694;-1,87501;0,61282;0,393856;2,5;2,49993;1,4978;
0,00928608;1,11109;0,630339;1,21903;-1,16918;-1,88469;0,73422;0,468853;2,5;2,49993;1,4978;
0,00928674;1,27589;0,291991;1,32932;-1,13558;-1,89329;0,823098;0,523456;2,5;2,49993;1,4978;
0,00928755;1,46951;-0,104937;1,43104;-1,09423;-1,90388;0,906621;0,574372;2,5;2,49993;1,4978;
0,00928829;1,6356;-0,44499;1,49231;-1,05645;-1,91356;0,95824;0,605397;2,5;2,49993;1,4978;
0,00928905;1,79267;-0,76626;1,52602;-1,018;-1,92341;0,988243;0,622972;2,5;2,49993;1,4978;
0,00928982;1,93984;-1,06701;1,53386;-0,978756;-1,93347;0,997794;0,627757;2,5;2,49993;1,4978;
0,00929066;2,08459;-1,36257;1,51632;-0,936095;-1,9444;0,987321;0,620103;2,5;2,49993;1,4978;
0,00929151;2,21642;-1,63156;1,47527;-0,892504;-1,95557;0,958098;0,600789;2,5;2,49993;1,4978;
0,00929254;2,35371;-1,91147;1,40269;-0,840418;-1,96892;0,904159;0,566076;2,5;2,49993;1,4978;
0,00929389;2,50312;-2,21586;1,28119;-0,772166;-1,98641;0,812181;0,507528;2,5;2,49993;1,4978;
0,00929526;2,62396;-2,46183;1,13985;-0,702602;-2,00424;0,704208;0,439325;2,5;2,49993;1,4978;
0,00929664;2,71812;-2,65331;0,992619;-0,632906;-2,02211;0,591608;0,36846;2,5;2,49993;1,4978;
0,00929831;2,80291;-2,82561;0,819735;-0,548646;-2,04371;0,459873;0,285846;2,5;2,49993;1,4978;
0,00930018;2,86854;-2,95882;0,643592;-0,454352;-2,06788;0,32742;0,202984;2,5;2,49993;1,4978;
0,0093019;2,90848;-3,03978;0,503539;-0,367774;-2,09007;0,224767;0,138945;2,5;2,49993;1,4978;
0,00930371;2,93558;-3,09463;0,380751;-0,276909;-2,11336;0,139096;0,085623;2,5;2,49993;1,4978;
0,00930562;2,95271;-3,12923;0,27701;-0,181143;-2,13791;0,0738807;0,0452243;2,5;2,49993;1,4978;
0,00930733;2,9612;-3,1463;0,204551;-0,0959068;-2,15977;0,0367759;0,0223814;2,5;2,49993;1,4978;
0,00930881;2,96508;-3,15405;0,154761;-0,0220112;-2,17871;0,0184205;0,0111904;2,5;2,49993;1,4978;
0,00930957;2,96615;-3,15616;0,133235;0,0160768;-2,18847;0,0127114;0,00769018;2,5;2,49993;1,4978;
0,00931031;2,96674;-3,1573;0,114757;0,0529117;-2,19792;0,00879343;0,0053336;2,5;2,49993;1,4978;
0,00931092;2,96695;-3,15767;0,101126;0,0832371;-2,20569;0,00655413;0,00396406;2,5;2,49993;1,4978;
0,00931146;2,96695;-3,15765;0,0900078;0,110456;-2,21267;0,0049835;0,00300819;2,5;2,49993;1,4978;
0,00931202;2,96681;-3,15731;0,0797071;0,138121;-2,21976;0,0038083;0,00230915;2,5;2,49993;1,4978;
0,00931256;2,96655;-3,15675;0,0706706;0,164759;-2,22659;0,00293191;0,00175642;2,5;2,49993;1,4978;
0,00931314;2,96615;-3,15589;0,0617137;0,193847;-2,23405;0,00219818;0,00133543;2,5;2,49993;1,4978;
0,00931364;2,96572;-3,15499;0,0547359;0,218784;-2,24044;0,00173571;0,00102995;2,5;2,49993;1,4978;
0,00931419;2,96518;-3,15385;0,0477812;0,24607;-2,24743;0,00130653;0,000790525;2,5;2,49993;1,4978;
0,00931471;2,9646;-3,15266;0,0418359;0,271751;-2,25402;0,00102281;0,00060058;2,5;2,49993;1,4978;
0,00931519;2,96404;-3,15147;0,0368517;0,295325;-2,26006;0,000785973;0,000468476;2,5;2,49993;1,4978;
0,00931567;2,96341;-3,15018;0,0321784;0,319478;-2,26625;0,00061395;0,00035674;2,5;2,49993;1,4978;
0,00931612;2,96282;-3,14895;0,0282716;0,341503;-2,2719;0,000470767;0,000271877;2,5;2,49993;1,4978;
0,00931658;2,96217;-3,14761;0,0245326;0,364461;-2,27778;0,000357066;0,00020382;2,5;2,49993;1,4978;
0,00931715;2,96136;-3,14593;0,0203868;0,392526;-2,28498;0,000242287;0,00013028;2,5;2,49993;1,4978;
0,00931773;2,96049;-3,14414;0,0165756;0,42134;-2,29237;0,0001484;7,78754e-05;2,5;2,49993;1,4978;
0,00931836;2,95953;-3,14216;0,0129185;0,452442;-2,30034;7,40989e-05;2,6971e-05;2,5;2,49993;1,4978;
0,00931902;2,95851;-3,14005;0,00956028;0,484858;-2,30865;8,80692e-06;-7,05046e-06;2,5;2,49993;1,4978;
0,00931975;2,95735;-3,13766;0,00628024;0,521229;-2,31797;-3,90977e-05;-4,20784e-05;2,5;2,49993;1,4978;
0,00932051;2,95614;-3,13516;0,00337636;0,558698;-2,32758;-8,25486e-05;-6,30474e-05;2,5;2,49993;1,4978;
0,00932143;2,95466;-3,13211;0,000417596;0,604024;-2,3392;-0,000112339;-8,64752e-05;2,5;2,49993;1,4978;
0,00932237;2,95314;-3,12898;-0,00207682;0,650464;-2,3511;-0,000139897;-9,84152e-05;2,5;2,49993;1,4978;
0,00932368;2,95105;-3,12466;-0,00479592;0,714569;-2,36754;-0,000156987;-0,000113396;2,5;2,49993;1,4978;
0,00932492;2,94905;-3,12055;-0,00675507;0,775683;-2,3832;-0,000172064;-0,000118354;2,5;2,49993;1,4978;
0,00932674;2,94616;-3,11459;-0,00879849;0,864841;-2,40606;-0,000177704;-0,000125759;2,5;2,49993;1,4978;
0,00932853;2,94334;-3,10878;-0,0101158;0,952653;-2,42857;-0,000184643;-0,000126238;2,5;2,49993;1,4978;
0,00933115;2,93928;-3,10041;-0,0112562;1,08049;-2,46134;-0,000183297;-0,00012895;2,5;2,49993;1,4978;
0,00933388;2,9351;-3,0918;-0,011841;1,21348;-2,49544;-0,000186033;-0,000127203;2,5;2,49993;1,4978;
0,0093376;2,92946;-3,08019;-0,0121576;1,39442;-2,54182;-0,000182175;-0,000128094;2,5;2,49993;1,4978;
0,00934163;2,92342;-3,06775;-0,0122247;1,58943;-2,59182;-0,000183806;-0,000125908;2,5;2,49993;1,4978;
0,0093474;2,91485;-3,05009;-0,0121812;1,86715;-2,66301;-0,000179786;-0,000126507;2,5;2,49993;1,4978;
0,00935464;2,90417;-3,02809;-0,0120863;2,21355;-2,75181;-0,000181076;-0,000124259;2,5;2,49993;1,4978;
0,0093639;2,89063;-3,00019;-0,0119721;2,65293;-2,86445;-0,000176849;-0,00012461;2,5;2,49993;1,4978;
0,00937316;2,87722;-2,97255;-0,0118625;3,08826;-2,97605;-0,000177819;-0,000122254;2,5;2,49993;1,4978;
0,00938242;2,86393;-2,94516;-0,0117533;3,51958;-3,08662;-0,000173675;-0,000122569;2,5;2,49993;1,4978;
0,00938921;2,85426;-2,92524;-0,0116738;3,83341;-3,16708;-0,000175003;-0,000120534;2,5;2,49993;1,4978;
0,009396;2,84465;-2,90544;-0,0115949;4,14513;-3,24699;-0,00017139;-0,000121072;2,5;2,49993;1,4978;
0,009396;2,84465;-2,90544;-0,0115949;4,14513;-3,24699;-0,00017139;-0,000121072;2,25;2,49993;1,4978;
0,009396;2,84465;-2,90544;-0,0115949;4,14513;-3,24699;-0,00017139;-0,000121072;1,75;2,49993;1,4978;
0,009396;2,84465;-2,90544;-0,0115949;4,14513;-3,24699;-0,00017139;-0,000121072;0,875002;2,49993;1,4978;
0,009396;2,84465;-2,90544;-0,0115949;4,14513;-3,24699;-0,00017139;-0,000121072;0;2,49993;1,4978;
0,009396;2,84465;-2,90544;-0,0115949;4,14513;-3,24699;-0,00017139;-0,000121072;0;2,49993;1,4978;
0,009396;2,84465;-2,90544;-0,0115949;4,14513;-3,24699;-0,00017139;-0,000121072;0;2,49993;1,4978;
0,009396;2,84465;-2,90544;-0,0115949;4,14513;-3,24699;-0,00017139;-0,000121072;0;2,49993;1,4978;
0,009396;2,84465;-2,90544;-0,0115949;4,14513;-3,24699;-0,00017139;-0,000121072;0;2,49993;1,4978;
0,009396;2,84465;-2,90544;-0,0115949;4,14513;-3,24699;-0,00017139;-0,000121072;0;2,49993;1,4978;
0,009396;2,84465;-2,90544;-0,0115949;4,14513;-3,24699;-0,00017139;-0,000121072;0;2,49993;1,4978;
0,009396;2,84465;-2,90544;-0,0115949;4,14513;-3,24699;-0,00017139;-0,000121072;0;2,49993;1,4978;
0,009396;2,84465;-2,90544;-0,0115949;4,14513;-3,24699;-0,00017139;-0,000121072;0;2,49993;1,4978;
0,009396;2,84465;-2,90544;-0,0115949;4,14513;-3,24699;-0,000171391;-0,000121071;0;2,49993;1,4978;
0,009396;2,84465;-2,90544;-0,0115949;4,14513;-3,24699;-0,000171391;-0,000121071;0;2,49993;1,4978;
0,009396;2,84465;-2,90544;-0,0115949;4,14514;-3,24699;-0,000171391;-0,000121071;0;2,49993;1,4978;
0,009396;2,84465;-2,90544;-0,0115949;4,14514;-3,24699;-0,000171392;-0,00012107;0;2,49991;1,4978;
0,009396;2,84465;-2,90544;-0,0115949;4,14516;-3,24699;-0,000171393;-0,000121069;0;2,49985;1,4978;
0,009396;2,84465;-2,90544;-0,0115949;4,14518;-3,247;-0,000171397;-0,000121067;0;2,49959;1,4978;
0,009396;2,84465;-2,90544;-0,0115949;4,14523;-3,24702;-0,000171404;-0,000121062;0;2,4986;1,4978;
0,00939601;2,84464;-2,90543;-0,0115949;4,14534;-3,24704;-0,000171422;-0,00012105;0;2,49475;1,4978;
0,00939601;2,84464;-2,90542;-0,0115948;4,14547;-3,24708;-0,000171452;-0,000121033;0;2,48658;1,49777;
0,00939601;2,84463;-2,90541;-0,0115948;4,14561;-3,24711;-0,000171487;-0,000121013;0;2,47496;1,4977;
0,00939602;2,84463;-2,9054;-0,0115947;4,14575;-3,24715;-0,000171532;-0,000120989;0;2,45887;1,49753;
0,00939602;2,84462;-2,90539;-0,0115947;4,14594;-3,24721;-0,000171595;-0,000120957;0;2,43415;1,49708;
0,00939603;2,84462;-2,90537;-0,0115946;4,14623;-3,2473;-0,000171703;-0,000120903;0;2,38767;1,49559;
0,00939604;2,8446;-2,90534;-0,0115945;4,14673;-3,24752;-0,000171901;-0,000120806;0;2,28994;1,48945;
0,00939605;2,84458;-2,9053;-0,0115943;4,14737;-3,2479;-0,000172142;-0,000120691;0;2,14612;1,4726;
0,00939607;2,84456;-2,90525;-0,0115942;4,14816;-3,24855;-0,000172377;-0,000120578;0;1,95988;1,43601;
0,00939608;2,84453;-2,9052;-0,011594;4,14914;-3,2495;-0,000172561;-0,000120487;0;1,74108;1,3711;
0,0093961;2,8445;-2,90513;-0,0115938;4,15047;-3,25081;-0,000172675;-0,000120426;0;1,47896;1,26329;
0,00939613;2,84447;-2,90506;-0,0115937;4,15254;-3,25254;-0,000172711;-0,000120406;0;1,1446;1,08408;
0,00939616;2,84443;-2,90502;-0,0115938;4,15529;-3,25421;-0,000172685;-0,000120438;0;0,782395;0,847221;
0,00939618;2,8444;-2,90504;-0,0115935;4,15794;-3,25531;-0,000172656;-0,00012049;0;0,494449;0,625704;
0,00939621;2,84438;-2,90516;-0,0115912;4,16115;-3,25616;-0,000172642;-0,000120491;0;0,227462;0,362114;
0,00939623;2,84438;-2,90532;-0,0115865;4,16346;-3,2565;-0,000172634;-0,000120352;0;0,0949247;0,17318;
0,00939624;2,84439;-2,90549;-0,01158;4,16518;-3,25661;-0,000172611;-0,000120075;0;0,0287565;0,0341674;
0,00939625;2,84441;-2,90573;-0,0115686;4,16697;-3,25657;-0,000172535;-0,000119474;0;-0,0156614;-0,110094;
0,00939626;2,84444;-2,90592;-0,0115574;4,16814;-3,25646;-0,000172427;-0,000118803;0;-0,0330187;-0,204076;
0,00939628;2,84448;-2,90617;-0,0115394;4,16947;-3,25622;-0,000172198;-0,000117614;0;-0,0435451;-0,308939;
0,00939629;2,84453;-2,90644;-0,0115168;4,17063;-3,25591;-0,000171833;-0,000115982;0;-0,0461753;-0,400679;
0,0093963;2,84458;-2,90672;-0,0114899;4,17164;-3,25554;-0,000171308;-0,000113899;0;-0,0443437;-0,478932;
0,00939631;2,84465;-2,90703;-0,0114555;4,17258;-3,2551;-0,000170509;-0,000111047;0;-0,0398221;-0,552045;
0,00939632;2,84473;-2,9074;-0,011409;4,17349;-3,25455;-0,000169239;-0,000106951;0;-0,0333274;-0,62295;
0,00939633;2,84484;-2,90781;-0,011348;4,17431;-3,25391;-0,000167286;-0,000101248;0;-0,0258972;-0,688483;
0,00939634;2,84496;-2,90827;-0,0112704;4,175;-3,25322;-0,000164394;-9,35672e-05;0;-0,0185505;-0,74651;
0,00939635;2,84512;-2,90878;-0,011169;4,17556;-3,25246;-0,000160014;-8,29813e-05;0;-0,0117451;-0,798348;
0,00939637;2,84529;-2,90933;-0,0110419;4,17593;-3,25168;-0,000153684;-6,90363e-05;0;-0,00618553;-0,841976;
0,00939638;2,8455;-2,90993;-0,010881;4,1761;-3,25091;-0,000144481;-5,05398e-05;0;-0,00199412;-0,878479;
0,0093964;2,84574;-2,91056;-0,0106818;4,17605;-3,25016;-0,000131438;-2,66194e-05;0;0,00074468;-0,907822;
0,00939641;2,84591;-2,91096;-0,010536;4,1759;-3,24972;-0,000120866;-8,55202e-06;0;0,00176785;-0,922721;
0,00939642;2,84611;-2,91143;-0,0103422;4,17562;-3,24925;-0,000105534;1,60637e-05;0;0,00242261;-0,937284;
0,00939643;2,84631;-2,91185;-0,0101458;4,17527;-3,24886;-8,86046e-05;4,1594e-05;0;0,00260737;-0,947995;
0,00939644;2,84655;-2,91232;-0,00989092;4,17476;-3,24845;-6,46426e-05;7,54443e-05;0;0,00248454;-0,958018;
0,00939645;2,84678;-2,91274;-0,00963018;4,1742;-3,24812;-3,7935e-05;0,000110744;0;0,00216411;-0,965313;
0,00939647;2,84704;-2,91318;-0,00930346;4,17347;-3,24779;-1,45608e-06;0,000155715;0;0,00168686;-0,971802;
0,00939648;2,84728;-2,91354;-0,00897771;4,17273;-3,24752;3,81154e-05;0,000201161;0;0,00122969;-0,976374;
0,0093965;2,84755;-2,9139;-0,00858189;4,17183;-3,24725;9,03996e-05;0,00025691;0;0,000764262;-0,98033;
0,00939651;2,84781;-2,91419;-0,0081627;4,17089;-3,24701;0,000150694;0,000316255;0;0,000394523;-0,983286;
0,00939653;2,84809;-2,91444;-0,0076407;4,16974;-3,24674;0,000232837;0,000390032;0;9,34033e-05;-0,985862;
0,00939655;2,84834;-2,91457;-0,00709901;4,16855;-3,24649;0,00032642;0,000465717;0;-7,31667e-05;-0,987704;
0,00939657;2,84856;-2,91457;-0,00655048;4,16733;-3,24624;0,000430132;0,000540457;0;-0,000136832;-0,989017;
0,00939658;2,84871;-2,91445;-0,00602089;4,16614;-3,24599;0,000539318;0,000609542;0;-0,000135573;-0,989927;
0,0093966;2,84882;-2,91419;-0,00549488;4,16489;-3,24573;0,000657403;0,000673339;0;-0,000101717;-0,990585;
0,00939663;2,84886;-2,91373;-0,00497626;4,16355;-3,24544;0,000784641;0,000728512;0;-5,63324e-05;-0,991054;
0,00939665;2,84881;-2,91298;-0,00445766;4,16198;-3,2451;0,000925529;0,000769548;0;-1,29982e-05;-0,991386;
0,00939669;2,84857;-2,91169;-0,00399065;4,16001;-3,24465;0,00107201;0,000776071;0;1,58018e-05;-0,991595;
0,00939672;2,84809;-2,90986;-0,00377088;4,15788;-3,24417;0,00116831;0,000719103;0;2,20393e-05;-0,991679;
0,00939677;2,84724;-2,90714;-0,00395018;4,15542;-3,2436;0,00116896;0,000565535;0;1,65177e-05;-0,991701;
0,00939681;2,84592;-2,90336;-0,00476111;4,15266;-3,24295;0,00100259;0,000291669;0;1,08166e-05;-0,991699;
0,00939686;2,8442;-2,89877;-0,00625854;4,14991;-3,24229;0,000654121;-7,201e-05;0;9,73392e-06;-0,991696;
0,00939692;2,8421;-2,89344;-0,0084286;4,14718;-3,24163;0,000150048;-0,000493987;0;1,05717e-05;-0,991695;
0,00939697;2,83943;-2,8869;-0,0114904;4,14427;-3,24092;-0,000519729;-0,0009837;0;1,11104e-05;-0,991695;
0,00939702;2,83635;-2,87954;-0,0152805;4,14138;-3,2402;-0,0012728;-0,00148845;0;1,1086e-05;-0,991694;
0,0093971;2,83166;-2,86857;-0,0213716;4,13756;-3,23924;-0,00232569;-0,00215466;0;1,09525e-05;-0,991694;
0,00939719;2,82466;-2,85255;-0,0308518;4,1327;-3,23802;-0,00367717;-0,00297685;0;1,09536e-05;-0,991694;
0,00939732;2,8127;-2,82569;-0,0476147;4,12569;-3,23624;-0,00551381;-0,00406367;0;1,09836e-05;-0,991694;
0,00939752;2,79184;-2,77981;-0,0774555;4,11561;-3,23367;-0,00775382;-0,0053355;0;1,09635e-05;-0,991694;
0,0093977;2,76876;-2,72976;-0,110733;4,10619;-3,23126;-0,00921714;-0,00605408;0;1,09731e-05;-0,991694;
0,00939786;2,74693;-2,68286;-0,142116;4,09827;-3,22924;-0,00969129;-0,00606727;0;1,09712e-05;-0,991694;
0,00939799;2,726;-2,63815;-0,172017;4,09129;-3,22745;-0,0091639;-0,00532372;0;1,09694e-05;-0,991694;
0,00939813;2,7042;-2,59182;-0,202879;4,08449;-3,22571;-0,00724616;-0,0034603;0;1,09715e-05;-0,991694;
0,00939823;2,68656;-2,55444;-0,227638;4,07927;-3,22438;-0,00434474;-0,000880445;0;1,09705e-05;-0,991694;
0,00939832;2,66912;-2,51758;-0,251902;4,07431;-3,22311;5,07949e-05;0,00280647;0;1,09705e-05;-0,991694;
0,00939842;2,65185;-2,48115;-0,275725;4,06956;-3,22189;0,00609258;0,00758878;0;1,09707e-05;-0,991694;
0,00939853;2,62927;-2,43363;-0,306552;4,06356;-3,22035;0,0164907;0,0153449;0;1,09706e-05;-0,991694;
0,00939868;2,59958;-2,37128;-0,346526;4,05598;-3,21841;0,0337967;0,0275637;0;1,09706e-05;-0,991694;
0,00939887;2,56018;-2,28877;-0,398563;4,04635;-3,21595;0,0612626;0,0461059;0;1,09707e-05;-0,991694;
0,00939917;2,4932;-2,14891;-0,484418;4,03081;-3,21197;0,114218;0,0806688;0;1,09706e-05;-0,991694;
0,00939949;2,41954;-1,99562;-0,575036;4,01461;-3,20782;0,176205;0,120301;0;1,09707e-05;-0,991694;
0,00939987;2,32686;-1,80327;-0,683475;3,99509;-3,20283;0,254858;0,170063;0;1,09706e-05;-0,991694;
0,0094003;2,21906;-1,58014;-0,801825;3,97318;-3,19721;0,344315;0,226271;0;1,09707e-05;-0,991694;
0,00940093;2,05645;-1,24443;-0,964561;3,9409;-3,18895;0,471547;0,305703;0;1,09706e-05;-0,991694;
0,00940176;1,84156;-0,801986;-1,15033;3,89849;-3,17809;0,621499;0,398715;0;1,09707e-05;-0,991694;
0,00940262;1,62375;-0,354573;-1,30344;3,85451;-3,16682;0,748894;0,477167;0;1,09706e-05;-0,991694;
0,00940368;1,37037;0,164882;-1,43399;3,80037;-3,15295;0,861584;0,545914;0;1,09707e-05;-0,991694;
0,00940467;1,15315;0,609456;-1,50074;3,74979;-3,14;0,92341;0,58292;0;1,09706e-05;-0,991694;
0,00940568;0,95438;1,01578;-1,52035;3,69838;-3,12682;0,947395;0,596351;0;1,09707e-05;-0,991694;
0,00940669;0,779504;1,37288;-1,49961;3,64725;-3,11372;0,93838;0,589324;0;1,09706e-05;-0,991694;
0,00940843;0,528851;1,88415;-1,39592;3,55889;-3,09108;0,866456;0,542442;0;1,09707e-05;-0,991694;
0,00941013;0,341185;2,26645;-1,24043;3,4725;-3,06894;0,750521;0,468668;0;1,09706e-05;-0,991694;
0,00941189;0,197782;2,55825;-1,05636;3,38353;-3,04613;0,610349;0,380226;0;1,09706e-05;-0,991694;
0,00941382;0,0865367;2,78437;-0,853429;3,2859;-3,02111;0,454898;0,282601;0;1,09706e-05;-0,991694;
0,00941523;0,0294702;2,90024;-0,715304;3,21483;-3,00289;0,349551;0,216657;0;1,09706e-05;-0,991694;
0,00941647;-0,00797451;2,9762;-0,60477;3,15238;-2,98688;0,266336;0,164662;0;1,09706e-05;-0,991694;
0,00941772;-0,0361747;3,03336;-0,505386;3,08965;-2,9708;0,193064;0,118965;0;1,09706e-05;-0,991694;
0,00941907;-0,0583158;3,07819;-0,411622;3,02198;-2,95345;0,126776;0,0777321;0;1,09706e-05;-0,991694;
0,00942086;-0,0778331;3,11764;-0,307893;2,93217;-2,93043;0,0607129;0,0368243;0;1,09706e-05;-0,991694;
0,00942284;-0,0900779;3,1423;-0,218223;2,83315;-2,90504;0,0193719;0,0116319;0;1,09707e-05;-0,991694;
0,00942374;-0,0933008;3,14876;-0,184953;2,78787;-2,89344;0,0108528;0,00650622;0;1,09706e-05;-0,991694;
0,00942417;-0,094439;3,15104;-0,170745;2,76651;-2,88796;0,00827917;0,00496023;0;1,09707e-05;-0,991694;
0,0094247;-0,0955622;3,15327;-0,15439;2,74009;-2,88119;0,00598972;0,00360232;0;1,09706e-05;-0,991694;
0,00942518;-0,0963289;3,15479;-0,140829;2,71643;-2,87512;0,00455715;0,00273469;0;1,09707e-05;-0,991694;
0,00942572;-0,0969631;3,15603;-0,126498;2,68938;-2,86819;0,00335046;0,00201508;0;1,09706e-05;-0,991694;
0,00942627;-0,0973732;3,15682;-0,113199;2,662;-2,86117;0,00249373;0,00149643;0;1,09707e-05;-0,991694;
0,00942678;-0,0975724;3,15719;-0,101812;2,63647;-2,85462;0,00188601;0,00112716;0;1,09706e-05;-0,991694;
0,00942733;-0,097616;3,15723;-0,0906709;2,60922;-2,84764;0,00139701;0,000833717;0;1,09706e-05;-0,991694;
0,00942777;-0,0975385;3,15705;-0,0823393;2,58708;-2,84196;0,00108134;0,000636538;0;1,09706e-05;-0,991694;
0,00942833;-0,0973176;3,15656;-0,0727166;2,55927;-2,83483;0,000771181;0,00045531;0;1,09706e-05;-0,991694;
0,00942881;-0,0970361;3,15595;-0,0652642;2,53573;-2,8288;0,000593754;0,000345562;0;1,09706e-05;-0,991694;
0,00942935;-0,0966224;3,15508;-0,0574395;2,50874;-2,82188;0,000442935;0,000257889;0;1,09706e-05;-0,991694;
0,00942989;-0,0961256;3,15403;-0,0503399;2,4818;-2,81497;0,000333769;0,000188675;0;1,09706e-05;-0,991694;
0,0094306;-0,0953732;3,15246;-0,0420513;2,44667;-2,80597;0,000228275;0,000127741;0;1,09706e-05;-0,991694;
0,00943144;-0,0943564;3,15035;-0,0335017;2,40498;-2,79528;0,000156828;8,31814e-05;0;1,09706e-05;-0,991694;
0,00943243;-0,0930283;3,14759;-0,0250008;2,35593;-2,78271;0,000112371;5,84202e-05;0;1,09706e-05;-0,991694;
0,00943346;-0,0915432;3,14452;-0,0177227;2,30511;-2,76968;0,000104488;5,37494e-05;0;1,09706e-05;-0,991694;
0,00943465;-0,0897285;3,14077;-0,0109058;2,2462;-2,75457;0,000115645;6,19116e-05;0;1,09706e-05;-0,991694;
0,00943606;-0,0875022;3,13618;-0,00466098;2,17645;-2,7367;0,00014923;8,33424e-05;0;1,09706e-05;-0,991694;
0,00943776;-0,0847721;3,13055;0,000817595;2,09262;-2,7152;0,000193069;0,000110685;0;1,09706e-05;-0,991694;
0,00943948;-0,081997;3,12483;0,00466929;2,00793;-2,69349;0,000235176;0,000137409;0;1,09706e-05;-0,991694;
0,00944144;-0,0788554;3,11836;0,00760278;1,91168;-2,66882;0,000271178;0,000159159;0;1,09706e-05;-0,991694;
0,00944351;-0,0755719;3,1116;0,00955615;1,81013;-2,64279;0,00029788;0,000176461;0;1,09706e-05;-0,991694;
0,00944593;-0,0717923;3,10381;0,0108923;1,69187;-2,61247;0,000316504;0,000187107;0;1,09706e-05;-0,991694;
0,0094486;-0,0676816;3,09535;0,0116613;1,56174;-2,57911;0,000327602;0,000194921;0;1,09706e-05;-0,991694;
0,00945184;-0,062754;3,08519;0,012072;1,40418;-2,53872;0,000332777;0,000197038;0;1,09706e-05;-0,991694;
0,00945569;-0,0569612;3,07326;0,0122168;1,21754;-2,49087;0,000333902;0,000198826;0;1,09706e-05;-0,991694;
0,00946067;-0,0495415;3,05797;0,012211;0,977375;-2,4293;0,000332789;0,000196949;0;1,09706e-05;-0,991694;
0,00946719;-0,0398826;3,03807;0,0121297;0,66408;-2,34899;0,000330215;0,000196528;0;1,09706e-05;-0,991694;
0,00947645;-0,0262988;3,01008;0,0120115;0,223257;-2,23598;0,000327163;0,000193387;0;1,09706e-05;-0,991694;
0,00948571;-0,0128396;2,98235;0,0119013;-0,213506;-2,12401;0,000323826;0,000192528;0;1,09706e-05;-0,991694;
0,00949497;0,000496047;2,95487;0,011792;-0,646244;-2,01307;0,000321033;0,000189512;0;1,09706e-05;-0,991694;
0,00950349;0,0126471;2,92983;0,0116921;-1,04054;-1,91199;0,000317925;0,000188833;0;1,09706e-05;-0,991694;
0,009512;0,0246951;2,90501;0,011593;-1,4315;-1,81177;0,000315505;0,000186017;0;1,09706e-05;-0,991694;
